<?xml version="1.0" encoding="UTF-8"?>
<TEI xmlns="http://www.tei-c.org/ns/1.0">
  <teiHeader>
    <fileDesc>
      <titleStmt>
        <title />
        <author />
      </titleStmt>
      <editionStmt>
        <edition><date /></edition>
      </editionStmt>
      <publicationStmt>
        <p>unknown</p>
      </publicationStmt>
      <sourceDesc>
        <p>Converted from a Word document</p>
      </sourceDesc>
    </fileDesc>
    <encodingDesc>
      <appInfo>
        <application xml:id="docxtotei" ident="TEI_fromDOCX" version="2.15.0">
          <label>DOCX to TEI</label>
        </application>
      </appInfo>
    </encodingDesc>
    <revisionDesc>
      <listChange>
        <change><date>2021-02-06T22:47:29Z</date><name /></change>
      </listChange>
    </revisionDesc>
  </teiHeader>
  <text>
    <body>
      <p><hi style="font-size:14pt">Mai 1763.</hi></p>
      <p><hi style="font-size:14pt">Ordre du roi. #</hi></p>
      <p><hi style="font-size:14pt"
        >Le S. Luthier demande si l’on éclairera et chauffera le château de Marly le voyage prochain comme dans les voyages ordinaires.</hi></p>
      <p><hi style="font-size:14pt"
        >Le pavillon du roy comme à l’ordinaire, mais l’on ne donnera de bois d’arrivée à personne. #</hi></p>
      <p><hi style="font-size:14pt">[stamp]</hi></p>
      <p><hi style="font-size:14pt"
        >Si le concierge, les garçons du garde-meuble, les s(ieur)s Boucheman et Lemoine, les garçons du château, l’orloger, le garçon des chiens et les porteurs seront chauffés et éclairés.</hi></p>
      <p><hi style="font-size:14pt"
        >Le voyage étant comme celui de Versailles, l’on n’est obligé à rien, mais on peut leur donner quelque secours en bois et lumières ; mrs Bouceman et Lemoine, oui sûrement. #</hi></p>
      <p><hi style="font-size:14pt" xml:space="preserve">Si on éclairera les salles des gardes de Votre Majesté, des gardes de la Porte et des Cent Suisses. </hi></p>
      <p><hi style="font-size:14pt">Oui, sans doute. #</hi></p>
      <p><hi style="font-size:14pt" xml:space="preserve">Si les femmes de chambre de mesdames qui logent hors du château seront chauffées et éclairées. </hi></p>
      <p><hi style="font-size:14pt">Oui, en observant la règle la plus exacte. #</hi></p>
      <p><hi style="font-size:14pt"
        >Si on donnera une bougie blanche par jour au supérieur des cordeliers de Noisy.</hi></p>
      <p><hi style="font-size:14pt">Oui [biffé] Non, une demie. #</hi></p>
      <p><hi style="font-size:14pt"
        >Et si on donnera une bougie par jour au vicaire de la paroisse qui dessert la chapelle du commun.</hi></p>
      <p><hi style="font-size:14pt">Non, mais la valeur en argent. #</hi></p>
      <p><hi style="font-size:14pt" xml:space="preserve">Le roy chauffe et éclaire les conseillers d’État à leur pied-à-terre qui est au 5 au commun. #  </hi></p>
      <p><hi style="font-size:14pt">Noailles.</hi></p>
    </body>
  </text>
</TEI>
